,ETagGantryID,LinkID,LocationType,PositionLon,PositionLat,RoadID,RoadName,RoadClass,RoadDirection,LocationMile,RoadSectionStart,RoadSectionEnd
0,03F2899N,0000300129000Q,4,120.48633,23.511683,000030,國道3號,0,N,289K+900,竹崎(縣道159線),竹崎(縣道166線)
1,05F0000S,0000501001000A,4,121.62302,25.035183,000050,國道5號,0,S,0K+000,南港系統,石碇
2,03F2306N,0000300123000M,4,120.70283,23.90678,000030,國道3號,0,N,230K+600,南投服務區,南投
3,01F3227N,0000100132300D,4,120.25,23.014172,000010,國道1號,0,N,322K+700,大灣,永康
4,03F1991S,0000300019900N,4,120.57766,24.102808,000030,國道3號,0,S,199K+100,彰化系統,快官
5,03F2415N,0000300124100M,4,120.700005,23.814837,000030,國道3號,0,N,241K+500,竹山,名間
6,03F2306S,0000300023000M,4,120.70283,23.90678,000030,國道3號,0,S,230K+600,南投,南投服務區
7,03F2415S,0000300024100M,4,120.700005,23.814837,000030,國道3號,0,S,241K+500,名間,竹山
8,01F3227S,0000100032300D,4,120.25,23.014172,000010,國道1號,0,S,322K+700,永康,大灣
9,03F0846N,0000300108400J,4,121.126,24.79144,000030,國道3號,0,N,84K+600,竹林,關西
10,03F0006S,0000300000070C,4,121.70891,25.137106,000030,國道3號,0,S,0K+600,基金,瑪東系統
11,03F0846S,0000300008400J,4,121.126,24.79144,000030,國道3號,0,S,84K+600,關西,竹林
12,03F2899S,0000300029000Q,4,120.48633,23.511683,000030,國道3號,0,S,289K+900,竹崎(縣道166線),竹崎(縣道159線)
13,01F0532S,0000100005310H,4,121.2662,25.012943,000010,國道1號,0,S,53K+200,機場系統,中壢服務區
14,01F0980S,0000100009800J,4,120.99886,24.763586,000010,國道1號,0,S,98K+000,新竹(科學園區),新竹系統
15,01F1906N,0000100119050B,4,120.56813,24.113571,000010,國道1號,0,N,190K+600,彰化系統,王田
16,01F0750S,0000100007400H,4,121.11173,24.893436,000010,國道1號,0,S,75K+000,校前路,湖口
17,01F0750N,0000100107400H,4,121.11173,24.893436,000010,國道1號,0,N,75K+000,湖口,校前路
18,01F0532N,0000100105300H,4,121.2662,25.012943,000010,國道1號,0,N,53K+200,中壢服務區,機場系統
19,01H0208N,00001A0102080A,4,121.555016,25.072262,00001A,國道1號汐止五股高架道路,0,N,20K+800,環北,下塔悠出口匝道
20,03F0116N,0000300101150F,4,121.64347,25.06561,000030,國道3號,0,N,11K+600,新台五路,汐止系統
21,03F2709S,0000300027100P,4,120.57295,23.649141,000030,國道3號,0,S,270K+900,古坑(文化路)&古坑系統,古坑(朝陽路)
22,03A0041S,0000310000410A,4,121.58604,25.003864,000031,國道3甲,0,S,4K+100,萬芳,木柵
23,03F2535N,0000300125300P,4,120.6259,23.775581,000030,國道3號,0,N,253K+500,斗六,南雲
24,03F2777N,0000300127800P,4,120.53251,23.606792,000030,國道3號,0,N,277K+700,梅山,古坑服務區
25,01H0206S,00001A0002000A,4,121.55774,25.07275,00001A,國道1號汐止五股高架道路,0,S,20K+600,堤頂,環北
26,01F3686S,0000100036900E,4,120.33665,22.61912,000010,國道1號,0,S,368K+600,高雄(中正、三多路),瑞隆路出口匝道
27,03F0201S,0000300001990F,4,121.59598,25.007437,000030,國道3號,0,S,20K+100,南港系統,木柵
28,03F2777S,0000300027800P,4,120.53251,23.606792,000030,國道3號,0,S,277K+700,古坑服務區,梅山
29,03F2535S,0000300025300P,4,120.6259,23.775581,000030,國道3號,0,S,253K+500,南雲,斗六
30,01F1906S,0000100019060B,4,120.56813,24.113571,000010,國道1號,0,S,190K+600,王田,彰化系統
31,01F3185N,0000100131840D,4,120.25302,23.051311,000010,國道1號,0,N,318K+500,永康,臺南系統
32,03F0201N,0000300102000F,4,121.59638,25.007376,000030,國道3號,0,N,20K+100,木柵,南港系統&南深路出口匝道
33,03F0116S,0000300001160F,4,121.64347,25.06561,000030,國道3號,0,S,11K+600,汐止系統,新台五路
34,03A0041N,0000310100410A,4,121.58604,25.003864,000031,國道3甲,0,N,4K+100,木柵,萬芳
35,01F0664S,0000100006600H,4,121.17692,24.929544,000010,國道1號,0,S,66K+400,平鎮系統,幼獅
36,01F2603S,0000100026000Q,4,120.40559,23.52674,000010,國道1號,0,S,260K+300,民雄,嘉義
37,01F3185S,0000100031900D,4,120.25302,23.051311,000010,國道1號,0,S,318K+500,臺南系統,永康
38,03F4018S,0000300040200T,4,120.56309,22.682775,000030,國道3號,0,S,401K+800,長治,麟洛
39,01F2930S,0000100029300D,4,120.26577,23.272589,000010,國道1號,0,S,293K+000,新營,下營系統
40,01F2603N,0000100126000Q,4,120.40559,23.52674,000010,國道1號,0,N,260K+300,嘉義,民雄
41,03F0087S,0000300000870F,4,121.65356,25.089994,000030,國道3號,0,S,8K+700,瑪東系統,汐止系統
42,03F3854N,0000300138600E,4,120.44184,22.769197,000030,國道3號,0,N,385K+400,九如,燕巢系統
43,03F1992N,0000300119900N,4,120.57875,24.102526,000030,國道3號,0,N,199K+200,快官,彰化系統
44,05F0001N,0000500100000A,4,121.62472,25.035036,000050,國道5號,0,N,0K+100,石碇,南港系統
45,01F2930N,0000100129300D,4,120.26577,23.272589,000010,國道1號,0,N,293K+000,下營系統,新營
46,03F3854S,0000300038600E,4,120.44184,22.769197,000030,國道3號,0,S,385K+400,燕巢系統,九如
47,01F0664N,0000100106600H,4,121.17692,24.929544,000010,國道1號,0,N,66K+400,幼獅,平鎮系統
48,01F1389N,0000100113800K,4,120.781906,24.48592,000010,國道1號,0,N,138K+900,銅鑼,苗栗
49,05FR113S,0000501005010G,4,121.78202,24.73379,000050,國道5號,0,S,11K+300,宜蘭(四城、大福),宜蘭(壯圍)
50,01H0447N,00001B0104400H,4,121.33207,25.059242,00001B,國道1號五股楊梅高架道路,0,N,44K+700,機場系統,高公局
51,03F1161N,0000300111600K,4,120.860085,24.698006,000030,國道3號,0,N,116K+100,竹南,西濱
52,01H0447S,00001B0004400H,4,121.331856,25.060125,00001B,國道1號五股楊梅高架道路,0,S,44K+700,高公局,機場系統
53,03F1161S,0000300011600K,4,120.860085,24.698006,000030,國道3號,0,S,116K+100,西濱,竹南
54,01F1123S,0000100011200K,4,120.90427,24.679317,000010,國道1號,0,S,112K+300,頭份,頭屋
55,01F1389S,0000100013800K,4,120.781906,24.48592,000010,國道1號,0,S,138K+900,苗栗,銅鑼
56,01F1123N,0000100111200K,4,120.90427,24.679317,000010,國道1號,0,N,112K+300,頭屋,頭份
57,03F1739S,0000300017400B,4,120.590805,24.269464,000030,國道3號,0,S,173K+900,清水服務區,沙鹿
58,01F0578S,0000100005750H,4,121.2332,24.984413,000010,國道1號,0,S,57K+800,內壢,中壢
59,01F0699S,0000100006970H,4,121.15976,24.903297,000010,國道1號,0,S,69K+900,楊梅,校前路
60,05F0309N,0000500103100G,4,121.78635,24.823656,000050,國道5號,0,N,30K+900,宜蘭(四城、大福),頭城
61,03F4259N,0000300142600T,4,120.53139,22.477465,000030,國道3號,0,N,425K+900,林邊,南州
62,05F0309S,0000500003100G,4,121.78635,24.823656,000050,國道5號,0,S,30K+900,頭城,宜蘭(四城、大福)
63,01F0699N,0000100106960H,4,121.15976,24.903297,000010,國道1號,0,N,69K+900,校前路,楊梅
64,03F2709N,0000300127100P,4,120.572914,23.649279,000030,國道3號,0,N,270K+900,古坑(朝陽路),古坑(文化路)&古坑系統
65,01H0579S,00001B0005700H,4,121.23253,24.984095,00001B,國道1號五股楊梅高架道路,0,S,57K+900,機場系統,中壢
66,01F1572N,0000100115700B,4,120.72085,24.339148,000010,國道1號,0,N,157K+200,后里,三義
67,01F3676N,0000100136800E,4,120.33622,22.62782,000010,國道1號,0,N,367K+600,高雄(中正、三多路),高雄(九如、建國路)
68,03F3496S,0000300035000D,4,120.32517,23.040203,000030,國道3號,0,S,349K+600,新化系統,關廟
69,01H0579N,00001B0105700H,4,121.23298,24.983667,00001B,國道1號五股楊梅高架道路,0,N,57K+900,中壢,機場系統
70,01F1572S,0000100015700B,4,120.72085,24.339148,000010,國道1號,0,S,157K+200,三義,后里
71,01F3676S,0000100036800E,4,120.33622,22.62782,000010,國道1號,0,S,367K+600,高雄(九如、建國路),高雄(中正、三多路)
72,01F3640S,0000100036400E,4,120.332085,22.658892,000010,國道1號,0,S,364K+000,鼎金系統,高雄(九如、建國路)
73,01H0163S,00001A0001600A,4,121.59873,25.064007,00001A,國道1號汐止五股高架道路,0,S,16K+300,汐止&汐止系統,堤頂
74,01F3640N,0000100136400E,4,120.332085,22.658892,000010,國道1號,0,N,364K+000,高雄(九如、建國路),鼎金系統
75,03F2153N,0000300121510N,4,120.66316,24.018944,000030,國道3號,0,N,215K+300,草屯,霧峰系統
76,01F2249N,0000100122500N,4,120.48488,23.830568,000010,國道1號,0,N,224K+900,西螺,北斗
77,01F2714S,0000100027110Q,4,120.361565,23.436367,000010,國道1號,0,S,271K+400,水上,嘉義系統
78,05F0528N,0000500105300G,4,121.80696,24.632729,000050,國道5號,0,N,52K+800,蘇澳,羅東
79,01F0880N,0000100108800J,4,121.01903,24.848719,000010,國道1號,0,N,88K+000,竹北,湖口
80,03F3307N,0000300133100D,4,120.35546,23.203276,000030,國道3號,0,N,330K+700,官田系統,烏山頭
81,01F0880S,0000100008800J,4,121.01903,24.848719,000010,國道1號,0,S,88K+000,湖口,竹北
82,03F1215N,0000300112100K,4,120.83824,24.655964,000030,國道3號,0,N,121K+500,大山,竹南
83,01F2714N,0000100127110Q,4,120.361565,23.436367,000010,國道1號,0,N,271K+400,嘉義系統,水上
84,01F2322S,0000100023200P,4,120.469345,23.766329,000010,國道1號,0,S,232K+200,西螺,虎尾
85,03F1215S,0000300012100K,4,120.83824,24.655964,000030,國道3號,0,S,121K+500,竹南,大山
86,03F3307S,0000300033100D,4,120.35546,23.203276,000030,國道3號,0,S,330K+700,烏山頭,官田系統
87,03F3743N,0000300137400E,4,120.38543,22.845121,000030,國道3號,0,N,374K+300,燕巢系統,田寮
88,03F1651S,0000300016500B,4,120.635574,24.334719,000030,國道3號,0,S,165K+100,大甲,中港系統
89,01F2249S,0000100022500N,4,120.48488,23.830568,000010,國道1號,0,S,224K+900,北斗,西螺
90,03F3743S,0000300037400E,4,120.38543,22.845121,000030,國道3號,0,S,374K+300,田寮,燕巢系統
91,01F2322N,0000100123200P,4,120.469345,23.766329,000010,國道1號,0,N,232K+200,虎尾,西螺
92,03F3496N,0000300135000D,4,120.32517,23.040203,000030,國道3號,0,N,349K+600,關廟,新化系統
93,03F1651N,0000300116520B,4,120.635574,24.334719,000030,國道3號,0,N,165K+100,中港系統,大甲
94,01F3736S,0000101076030E,4,120.32315,22.581932,000010,國道1號,0,S,373K+600,高雄端(中山四路),高雄端(漁港路)
95,03F0301N,0000300103000F,4,121.53057,24.96255,000030,國道3號,0,N,30K+100,安坑,新店
96,03F1022S,0000300010200J,4,120.97227,24.757914,000030,國道3號,0,S,102K+200,新竹系統,茄苳
97,01F3126N,0000100131220D,4,120.24768,23.104816,000010,國道1號,0,N,312K+600,臺南系統,安定
98,01F2472S,0000100024700P,4,120.443115,23.639557,000010,國道1號,0,S,247K+200,雲林系統,大林
99,01F3736N,0000101176100E,4,120.32315,22.581932,000010,國道1號,0,N,373K+600,高雄端(漁港路),高雄端(中山四路)
100,03F0054N,0000300100520C,4,121.681786,25.103746,000030,國道3號,0,N,5K+400,汐止系統,瑪東系統
101,01H0271N,00001A0102700F,4,121.49402,25.075256,00001A,國道1號汐止五股高架道路,0,N,27K+100,五股(高架),環北
102,03F0301S,0000300003000F,4,121.53057,24.96255,000030,國道3號,0,S,30K+100,新店,安坑
103,01H0174N,00001A0101700A,4,121.58804,25.065544,00001A,國道1號汐止五股高架道路,0,N,17K+400,堤頂,汐止&汐止系統
104,03F0337S,0000300003310F,4,121.50238,24.978882,000030,國道3號,0,S,33K+700,安坑,中和
105,03F2100N,0000300121000B,4,120.67153,24.060429,000030,國道3號,0,N,210K+000,霧峰,中投
106,01F3126S,0000100031300D,4,120.24768,23.104816,000010,國道1號,0,S,312K+600,安定,臺南系統
107,03F2100S,0000300021000B,4,120.67097,24.060654,000030,國道3號,0,S,210K+000,中投,霧峰
108,01F0633S,0000100006300H,4,121.195595,24.949282,000010,國道1號,0,S,63K+300,中壢,平鎮系統
109,03F3588N,0000300135900D,4,120.340164,22.969757,000030,國道3號,0,N,358K+800,關廟服務區,關廟
110,01F0633N,0000100106300H,4,121.195595,24.949282,000010,國道1號,0,N,63K+300,平鎮系統,中壢
111,01F2472N,0000100124700P,4,120.443115,23.639557,000010,國道1號,0,N,247K+200,大林,雲林系統
112,01H0608N,00001B0106020H,4,121.21162,24.965878,00001B,國道1號五股楊梅高架道路,0,N,60K+800,校前路,中壢
113,03F1022N,0000300110200J,4,120.97227,24.757914,000030,國道3號,0,N,102K+200,茄苳,新竹系統
114,03F3588S,0000300035900D,4,120.340164,22.969757,000030,國道3號,0,S,358K+800,關廟,關廟服務區
115,03F0447N,0000300104400F,4,121.41268,24.950502,000030,國道3號,0,N,44K+700,樹林,土城
116,01F0928S,0000100009240O,4,121.01031,24.808453,000010,國道1號,0,S,92K+800,竹北,新竹(新竹、竹東)
117,01F0928N,0000100109240O,4,121.01031,24.808453,000010,國道1號,0,N,92K+800,新竹(新竹、竹東),竹北
118,03F0217N,0000300102160A,4,121.59337,24.993744,000030,國道3號,0,N,21K+700,新店,木柵
119,03F0338N,0000300103320F,4,121.50175,24.978586,000030,國道3號,0,N,33K+800,中和,安坑
120,01F1045S,0000100010400J,4,120.9519,24.72713,000010,國道1號,0,S,104K+500,新竹系統,頭份
121,03F0394N,0000300103900F,4,121.454926,24.975246,000030,國道3號,0,N,39K+400,土城,中和
122,03F0140N,0000300101400F,4,121.62816,25.05032,000030,國道3號,0,N,14K+000,南港,新台五路
123,03F0217S,0000300002110A,4,121.59293,24.993567,000030,國道3號,0,S,21K+700,木柵,新店
124,01F1045N,0000100110400J,4,120.9519,24.72713,000010,國道1號,0,N,104K+500,頭份,新竹系統
125,03F0447S,0000300004400F,4,121.41268,24.950502,000030,國道3號,0,S,44K+700,土城,樹林
126,01F0155N,0000100101550A,4,121.6059,25.064753,000010,國道1號,0,N,15K+500,內湖,東湖
127,01F0511S,0000100005100H,4,121.28173,25.025953,000010,國道1號,0,S,51K+100,桃園(49B),機場系統
128,03F1633N,0000300116300B,4,120.651566,24.34112,000030,國道3號,0,N,163K+300,大甲,苑裡
129,01F0155S,0000100001530A,4,121.6059,25.064753,000010,國道1號,0,S,15K+500,東湖,內湖
130,01F2514N,0000100125100Q,4,120.43542,23.60199,000010,國道1號,0,N,251K+400,民雄,大林
131,01F3561S,0000100035600E,4,120.33376,22.728956,000010,國道1號,0,S,356K+100,楠梓(旗楠路),楠梓(鳳楠路)
132,01F0264S,0000100002610F,4,121.50139,25.077463,000010,國道1號,0,S,26K+400,臺北,三重
133,03F0394S,0000300003900F,4,121.454926,24.975246,000030,國道3號,0,S,39K+400,中和,土城
134,01F0511N,0000100105100H,4,121.28173,25.025953,000010,國道1號,0,N,51K+100,機場系統,桃園(49B)
135,01F2514S,0000100025110Q,4,120.43542,23.60199,000010,國道1號,0,S,251K+400,大林,民雄
136,03F1633S,0000300016300B,4,120.651566,24.34112,000030,國道3號,0,S,163K+300,苑裡,大甲
137,03F0698N,0000300106900H,4,121.20858,24.856558,000030,國道3號,0,N,69K+800,高原,龍潭
138,03F1395S,0000300013900K,4,120.73325,24.531124,000030,國道3號,0,S,139K+500,西湖服務區,通霄
139,03F3259S,0000300032600D,4,120.36738,23.244993,000030,國道3號,0,S,325K+900,柳營,烏山頭
140,03F3211N,0000300132120D,4,120.39025,23.279282,000030,國道3號,0,N,321K+100,柳營,東山服務區
141,01F3019N,0000100130200D,4,120.23642,23.197287,000010,國道1號,0,N,301K+900,麻豆,下營系統
142,03F3259N,0000300132600D,4,120.36738,23.244993,000030,國道3號,0,N,325K+900,烏山頭,柳營
143,03F0783S,0000300007800J,4,121.17913,24.797338,000030,國道3號,0,S,78K+300,關西服務區,關西
144,01F3019S,0000100030200D,4,120.23642,23.197287,000010,國道1號,0,S,301K+900,下營系統,麻豆
145,01H0334S,00001B0003300F,4,121.43328,25.068727,00001B,國道1號五股楊梅高架道路,0,S,33K+400,五股(高架),高公局
146,03F0698S,0000300006900H,4,121.20858,24.856558,000030,國道3號,0,S,69K+800,龍潭,高原
147,03F2231N,0000300122300M,4,120.657616,23.957104,000030,國道3號,0,N,223K+100,中興,中興系統
148,03F0783N,0000300107810J,4,121.17913,24.797338,000030,國道3號,0,N,78K+300,關西,關西服務區
149,01F0413S,0000100004110F,4,121.36356,25.064968,000010,國道1號,0,S,41K+300,林口(文化一路),林口(文化北路)
150,01F2866N,0000100128600D,4,120.298706,23.320993,000010,國道1號,0,N,286K+600,新營,新營服務區
151,03F1860S,0000300018600B,4,120.54824,24.177832,000030,國道3號,0,S,186K+000,龍井,和美
152,01F0413N,0000100104100H,4,121.36356,25.064968,000010,國道1號,0,N,41K+300,林口(文化北路),林口(文化一路)
153,03F1860N,0000300118600B,4,120.54824,24.177832,000030,國道3號,0,N,186K+000,和美,龍井
154,03F1395N,0000300113900K,4,120.73325,24.531124,000030,國道3號,0,N,139K+500,通霄,西湖服務區
155,03F3211S,0000300032120D,4,120.39025,23.279282,000030,國道3號,0,S,321K+100,東山服務區,柳營
156,01F2866S,0000100028700D,4,120.298706,23.320993,000010,國道1號,0,S,286K+600,新營服務區,新營
157,01F1621S,0000100016200B,4,120.69733,24.301186,000010,國道1號,0,S,162K+100,后里,臺中系統
158,03F2985N,0000300129850Q,4,120.4812,23.442486,000030,國道3號,0,N,298K+500,水上系統,中埔
159,03F3101N,0000300131000D,4,120.436356,23.361254,000030,國道3號,0,N,310K+100,白河,水上系統
160,03F3670S,0000300036700D,4,120.35477,22.90197,000030,國道3號,0,S,367K+000,關廟服務區,田寮
161,01F1960S,0000100019600N,4,120.52785,24.085623,000010,國道1號,0,S,196K+000,彰化系統,彰化
162,01H0200N,00001A0102000A,4,121.562515,25.070993,00001A,國道1號汐止五股高架道路,0,N,20K+000,下塔悠出口匝道,堤頂
163,01H0333N,00001B0103310F,4,121.435135,25.068148,00001B,國道1號五股楊梅高架道路,0,N,33K+300,高公局,五股(高架)
164,01F0492S,0000100004900H,4,121.29553,25.036482,000010,國道1號,0,S,49K+200,桃園(49A),桃園(49B)
165,03F2985S,0000300029840Q,4,120.4812,23.442486,000030,國道3號,0,S,298K+500,中埔,水上系統
166,03F2840S,0000300028400Q,4,120.50506,23.558125,000030,國道3號,0,S,284K+000,梅山,竹崎(縣道166線)
167,03F0150N,0000301105010F,4,121.62479,25.042389,000030,國道3號,0,N,15K+000,南港系統&南深路出口匝道,南港
168,01F3696N,0000100137000E,4,120.33961,22.609428,000010,國道1號,0,N,369K+600,五甲系統,高雄(中正、三多路)
169,01F1621N,0000100116200B,4,120.69733,24.301186,000010,國道1號,0,N,162K+100,臺中系統,后里
170,01F1960N,0000100119600N,4,120.52785,24.085623,000010,國道1號,0,N,196K+000,彰化,彰化系統
171,03F2840N,0000300128400Q,4,120.50506,23.558125,000030,國道3號,0,N,284K+000,竹崎(縣道166線),梅山
172,01F0492N,0000100104900H,4,121.29553,25.036482,000010,國道1號,0,N,49K+200,桃園(49B),桃園(49A)
173,01F0557N,0000100105540H,4,121.24772,24.998583,000010,國道1號,0,N,55K+700,內壢,中壢服務區
174,01F0339S,0000100003380F,4,121.428764,25.06824,000010,國道1號,0,S,33K+900,五股,高公局
175,01F0557S,0000100005550H,4,121.24772,24.998583,000010,國道1號,0,S,55K+700,中壢服務區,內壢
176,03F3101S,0000300031000D,4,120.436356,23.361254,000030,國道3號,0,S,310K+100,水上系統,白河
177,03F3670N,0000300136700D,4,120.35477,22.90197,000030,國道3號,0,N,367K+000,田寮,關廟服務區
178,03F0559S,0000300005520H,4,121.312454,24.930225,000030,國道3號,0,S,55K+900,鶯歌系統,大溪
179,03F0559N,0000300105520H,4,121.312454,24.930225,000030,國道3號,0,N,55K+900,大溪,鶯歌系統
180,03F4168S,0000300041700T,4,120.52456,22.557186,000030,國道3號,0,S,416K+800,竹田系統,崁頂
181,01F0681N,0000100106800H,4,121.16759,24.917967,000010,國道1號,0,N,68K+100,楊梅,幼獅
182,03F4168N,0000300141700T,4,120.52476,22.557407,000030,國道3號,0,N,416K+800,崁頂,竹田系統
183,01F0584N,0000100105800H,4,121.22894,24.980558,000010,國道1號,0,N,58K+400,中壢,內壢
184,01F0681S,0000100006800H,4,121.16759,24.917967,000010,國道1號,0,S,68K+100,幼獅,楊梅
185,01F0233N,0000101111050A,4,121.5307,25.073019,000010,國道1號,0,N,23K+300,臺北,圓山
186,05FR143N,0000501105010G,4,121.782364,24.733961,000050,國道5號,0,N,14K+300,宜蘭(壯圍),宜蘭(四城、大福)
187,01F3525N,0000100135300E,4,120.3308,22.761671,000010,國道1號,0,N,352K+500,楠梓(旗楠路),岡山
188,01F1699S,0000100017000B,4,120.68662,24.231537,000010,國道1號,0,S,169K+900,豐原,大雅
189,03F3187N,0000300131900D,4,120.40417,23.296692,000030,國道3號,0,N,318K+700,東山服務區,白河
190,03F0996S,0000300009940J,4,120.99727,24.755812,000030,國道3號,0,S,99K+600,寶山,新竹系統
191,01F3460N,0000100134600E,4,120.31273,22.818039,000010,國道1號,0,N,346K+000,岡山,高科
192,01F1699N,0000100116900B,4,120.68662,24.231537,000010,國道1號,0,N,169K+900,大雅,豐原
193,01F3525S,0000100035300E,4,120.3308,22.761671,000010,國道1號,0,S,352K+500,岡山,楠梓(旗楠路)
194,03F0996N,0000300109940J,4,120.99727,24.755812,000030,國道3號,0,N,99K+600,新竹系統,寶山
195,01F2425N,0000100124200P,4,120.46228,23.677376,000010,國道1號,0,N,242K+500,雲林系統,斗南
196,01F0147S,0000100001440A,4,121.61352,25.065643,000010,國道1號,0,S,14K+700,汐止&汐止系統,東湖
197,03F1710N,0000300117100B,4,120.60197,24.292881,000030,國道3號,0,N,171K+000,清水服務區,中港系統
198,01F3460S,0000100034600E,4,120.31273,22.818039,000010,國道1號,0,S,346K+000,高科,岡山
199,03F1257N,0000300112520K,4,120.814,24.627161,000030,國道3號,0,N,125K+700,後龍,大山
200,01F2425S,0000100024200P,4,120.46228,23.677376,000010,國道1號,0,S,242K+500,斗南,雲林系統
201,03F3187S,0000300031900D,4,120.40417,23.296692,000030,國道3號,0,S,318K+700,白河,東山服務區
202,01F0147N,0000100101440A,4,121.61352,25.065643,000010,國道1號,0,N,14K+700,東湖,汐止&汐止系統
203,01F0256N,0000100102520A,4,121.50911,25.078068,000010,國道1號,0,N,25K+600,三重,臺北
204,03F1257S,0000300012520K,4,120.814,24.627161,000030,國道3號,0,S,125K+700,大山,後龍
205,03F1710S,0000300017100B,4,120.60197,24.292881,000030,國道3號,0,S,171K+000,中港系統,清水服務區
206,03F3392N,0000300133900D,4,120.33371,23.132065,000030,國道3號,0,N,339K+200,善化,官田系統
207,01F1664S,0000100016610B,4,120.691956,24.262648,000010,國道1號,0,S,166K+400,臺中系統,豐原
208,03F3392S,0000300033900D,4,120.33371,23.132065,000030,國道3號,0,S,339K+200,官田系統,善化
209,03F4142S,0000300041400T,4,120.52616,22.579586,000030,國道3號,0,S,414K+200,麟洛,竹田系統
210,03F4263S,0000300042600T,4,120.530846,22.47466,000030,國道3號,0,S,426K+300,南州,林邊
211,01F1802N,0000100118000B,4,120.62193,24.163706,000010,國道1號,0,N,180K+200,南屯,臺中
212,01F3366N,0000100133700E,4,120.27215,22.892618,000010,國道1號,0,N,336K+600,路竹,仁德系統
213,01F1802S,0000100018000B,4,120.62193,24.163706,000010,國道1號,0,S,180K+200,臺中,南屯
214,03F4021N,0000300140200T,4,120.56331,22.680347,000030,國道3號,0,N,402K+100,麟洛,長治
215,01F3366S,0000100033700E,4,120.27215,22.892618,000010,國道1號,0,S,336K+600,仁德系統,路竹
216,03F4142N,0000300141400T,4,120.52616,22.579586,000030,國道3號,0,N,414K+200,竹田系統,麟洛
217,01F1664N,0000100116620B,4,120.691956,24.262648,000010,國道1號,0,N,166K+400,豐原,臺中系統
218,03F2235S,0000300022340M,4,120.66127,23.955503,000030,國道3號,0,S,223K+500,中興系統,中興
219,03F2194N,0000300121900M,4,120.65272,23.985844,000030,國道3號,0,N,219K+400,中興系統,草屯
220,01F0340N,0000100103380F,4,121.428055,25.068,000010,國道1號,0,N,34K+000,高公局,五股
221,01F3083N,0000100130800D,4,120.23327,23.14075,000010,國道1號,0,N,308K+300,安定,麻豆
222,01F3083S,0000100030800D,4,120.23327,23.14075,000010,國道1號,0,S,308K+300,麻豆,安定
223,01F0376S,0000100003700F,4,121.39731,25.058666,000010,國道1號,0,S,37K+600,高公局,林口(文化一路)
224,01F1839N,0000100118300B,4,120.61725,24.130768,000010,國道1號,0,N,183K+900,王田,南屯
225,01F0950S,0000100009470O,4,121.00525,24.789621,000010,國道1號,0,S,95K+000,新竹(新竹、竹東),新竹(科學園區)
226,03F1779N,0000300117700B,4,120.59331,24.234648,000030,國道3號,0,N,177K+900,龍井,沙鹿
227,03F2194S,0000300021900M,4,120.65272,23.985844,000030,國道3號,0,S,219K+400,草屯,中興系統
228,03F3445N,0000300134400D,4,120.32903,23.085272,000030,國道3號,0,N,344K+500,新化系統,善化
229,03F1779S,0000300017700B,4,120.59331,24.234648,000030,國道3號,0,S,177K+900,沙鹿,龍井
230,01F0376N,0000100103700F,4,121.39731,25.058666,000010,國道1號,0,N,37K+600,林口(文化一路),高公局
231,03F3445S,0000300034400D,4,120.32903,23.085272,000030,國道3號,0,S,344K+500,善化,新化系統
232,03F2747N,0000300127500P,4,120.55856,23.618202,000030,國道3號,0,N,274K+700,古坑服務區,古坑(朝陽路)
233,01F1774S,0000100017700B,4,120.63561,24.184591,000010,國道1號,0,S,177K+400,大雅,臺中
234,05F0055S,0000500000500F,4,121.652084,24.996504,000050,國道5號,0,S,5K+500,石碇,坪林交控中心專用道
235,01F2011S,0000100020100N,4,120.52279,24.04064,000010,國道1號,0,S,201K+100,彰化,埔鹽系統
236,03F1485S,0000300014800K,4,120.68121,24.467308,000030,國道3號,0,S,148K+500,通霄,苑裡
237,03F2614N,0000300126120P,4,120.60178,23.724424,000030,國道3號,0,N,261K+400,古坑(文化路)&古坑系統,斗六
238,01F1839S,0000100018400B,4,120.61725,24.130768,000010,國道1號,0,S,183K+900,南屯,王田
239,03F0021N,0000300100200C,4,121.69863,25.129515,000030,國道3號,0,N,2K+100,瑪東系統,基金
240,03F2125N,0000300121220B,4,120.67786,24.040995,000030,國道3號,0,N,212K+500,霧峰系統,霧峰
241,03F2614S,0000300026120P,4,120.60178,23.724424,000030,國道3號,0,S,261K+400,斗六,古坑(文化路)&古坑系統
242,03F2747S,0000300027500P,4,120.55856,23.618202,000030,國道3號,0,S,274K+700,古坑(朝陽路),古坑服務區
243,03A0015S,0000310000100A,4,121.56238,25.01182,000031,國道3甲,0,S,1K+500,臺北端,萬芳
244,01F1774N,0000100117700B,4,120.63561,24.184591,000010,國道1號,0,N,177K+400,臺中,大雅
245,03A0015N,0000310100100A,4,121.56238,25.01182,000031,國道3甲,0,N,1K+500,萬芳,臺北端
246,01F2156S,0000100021500N,4,120.49765,23.91277,000010,國道1號,0,S,215K+600,員林,北斗
247,01F2156N,0000100121500N,4,120.49765,23.91277,000010,國道1號,0,N,215K+600,北斗,員林
248,05F0055N,0000500100500F,4,121.652084,24.996504,000050,國道5號,0,N,5K+500,坪林交控中心專用道,石碇
249,01F2011N,0000100120100N,4,120.52279,24.04064,000010,國道1號,0,N,201K+100,埔鹽系統,彰化
250,03F1485N,0000300114800K,4,120.68121,24.467308,000030,國道3號,0,N,148K+500,苑裡,通霄
251,03F0648S,0000300006400H,4,121.25084,24.878792,000030,國道3號,0,S,64K+800,大溪,龍潭
252,03F2447N,0000300124430M,4,120.70452,23.787485,000030,國道3號,0,N,244K+700,南雲,竹山
253,03F0648N,0000300106400H,4,121.25084,24.878792,000030,國道3號,0,N,64K+800,龍潭,大溪
254,03F2447S,0000300024400M,4,120.70452,23.787485,000030,國道3號,0,S,244K+700,竹山,南雲
255,01F0293S,0000100002900F,4,121.47296,25.074797,000010,國道1號,0,S,29K+300,三重,五股
256,03F0498S,0000300004900F,4,121.36527,24.943825,000030,國道3號,0,S,49K+800,樹林,三鶯
257,03F0498N,0000300104900F,4,121.36527,24.943825,000030,國道3號,0,N,49K+800,三鶯,樹林
258,01F0467S,0000100004600H,4,121.317764,25.047075,000010,國道1號,0,S,46K+700,林口(文化北路),桃園(49A)
259,03F2079S,0000300020800B,4,120.65236,24.067778,000030,國道3號,0,S,207K+900,烏日,中投
260,01F0099N,0000100100900F,4,121.659424,25.076044,000010,國道1號,0,N,9K+900,汐止&汐止系統,五堵
261,01F3590S,0000100035900E,4,120.32818,22.703363,000010,國道1號,0,S,359K+000,楠梓(鳳楠路),鼎金系統
262,03F3916N,0000300139200T,4,120.49684,22.749792,000030,國道3號,0,N,391K+600,屏東,九如
263,01F3590N,0000100135900E,4,120.32818,22.703363,000010,國道1號,0,N,359K+000,鼎金系統,楠梓(鳳楠路)
264,03F2261S,0000300022600M,4,120.67704,23.9376,000030,國道3號,0,S,226K+100,中興,南投
265,01F0293N,0000100102900F,4,121.47296,25.074797,000010,國道1號,0,N,29K+300,五股,三重
266,03F2152S,0000300021510N,4,120.66322,24.019993,000030,國道3號,0,S,215K+200,霧峰系統,草屯
267,01F0099S,0000101006000F,4,121.65948,25.076263,000010,國道1號,0,S,9K+900,五堵,汐止&汐止系統
268,03F3916S,0000300039200T,4,120.49684,22.749792,000030,國道3號,0,S,391K+600,九如,屏東
269,01F2674S,0000100026700Q,4,120.3777,23.469402,000010,國道1號,0,S,267K+400,嘉義,水上
270,03F3984N,0000300139800T,4,120.54113,22.704641,000030,國道3號,0,N,398K+400,長治,屏東
271,01F0213N,0000100102100A,4,121.55036,25.073053,000010,國道1號,0,N,21K+300,圓山,內湖
272,01F0467N,0000100104600H,4,121.317764,25.047075,000010,國道1號,0,N,46K+700,桃園(49A),林口(文化北路)
273,01F2674N,0000100126700Q,4,120.3777,23.469402,000010,國道1號,0,N,267K+400,水上,嘉義
274,01F1465N,0000100114600K,4,120.775734,24.420513,000010,國道1號,0,N,146K+500,三義,銅鑼
275,03F0746S,0000300007460J,4,121.20034,24.816364,000030,國道3號,0,S,74K+600,高原,關西服務區
276,05F0287S,0000500002820G,4,121.789185,24.842714,000050,國道5號,0,S,28K+700,坪林交控中心專用道,頭城
277,03F1051N,0000300110500O,4,120.94568,24.753094,000030,國道3號,0,N,105K+100,香山,茄苳
278,01F0956N,0000100109550O,4,121.00372,24.783943,000010,國道1號,0,N,95K+600,新竹(科學園區),新竹(新竹、竹東)
279,01H0610S,00001B0006020H,4,121.20987,24.96525,00001B,國道1號五股楊梅高架道路,0,S,61K+000,中壢,校前路
280,03F0746N,0000300107460J,4,121.20034,24.816364,000030,國道3號,0,N,74K+600,關西服務區,高原
281,03F1051S,0000300010500O,4,120.94568,24.753094,000030,國道3號,0,S,105K+100,茄苳,香山
282,03F2923N,0000300129220Q,4,120.49458,23.492079,000030,國道3號,0,N,292K+300,中埔,竹崎(縣道159線)
283,03F0136S,0000300001360F,4,121.63128,25.052742,000030,國道3號,0,S,13K+600,新台五路,南港
284,03F1739N,0000300117400B,4,120.590805,24.269464,000030,國道3號,0,N,173K+900,沙鹿,清水服務區
285,01F1465S,0000100014600K,4,120.775734,24.420513,000010,國道1號,0,S,146K+500,銅鑼,三義
286,03F2078N,0000300120800B,4,120.651436,24.067959,000030,國道3號,0,N,207K+800,中投,烏日
287,03F2923S,0000300029210Q,4,120.49458,23.492079,000030,國道3號,0,S,292K+300,竹崎(縣道159線),中埔
288,03F2066N,0000300120600B,4,120.63971,24.070333,000030,國道3號,0,N,206K+600,烏日,快官
289,03F4232S,0000300042300T,4,120.52577,22.501368,000030,國道3號,0,S,423K+200,崁頂,南州
290,01F3286N,0000100132900D,4,120.249825,22.960903,000010,國道1號,0,N,328K+600,仁德系統,仁德
291,01F0248S,0000100002490A,4,121.5166,25.077631,000010,國道1號,0,S,24K+800,圓山,臺北
292,03F2260N,0000300122600M,4,120.67685,23.937927,000030,國道3號,0,N,226K+000,南投,中興
293,01F3286S,0000100032900D,4,120.249825,22.960903,000010,國道1號,0,S,328K+600,仁德,仁德系統
294,03F2066S,0000300020600B,4,120.63971,24.070333,000030,國道3號,0,S,206K+600,快官,烏日
295,03F4232N,0000300142300T,4,120.52577,22.501368,000030,國道3號,0,N,423K+200,南州,崁頂
296,03F1128N,0000300111200K,4,120.88964,24.711384,000030,國道3號,0,N,112K+800,西濱,香山
297,03F1128S,0000300011200K,4,120.88964,24.711384,000030,國道3號,0,S,112K+800,香山,西濱
298,01F2089S,0000100020900N,4,120.50612,23.971794,000010,國道1號,0,S,208K+900,埔鹽系統,員林
299,05F0287N,0000500102820G,4,121.789185,24.842714,000050,國道5號,0,N,28K+700,頭城,坪林交控中心專用道
300,01F2089N,0000100120900N,4,120.50612,23.971794,000010,國道1號,0,N,208K+900,員林,埔鹽系統
301,03F1944S,0000300019400N,4,120.53669,24.11901,000030,國道3號,0,S,194K+400,和美,彰化系統
302,05F0494S,0000500004900G,4,121.79991,24.66258,000050,國道5號,0,S,49K+400,羅東,蘇澳
303,01F0979N,0000100109740J,4,120.99989,24.764414,000010,國道1號,0,N,97K+900,新竹系統,新竹(科學園區)
304,03F0961S,0000300009600J,4,121.030426,24.758442,000030,國道3號,0,S,96K+100,竹林,寶山
305,03F0525N,0000300105200F,4,121.3419,24.936026,000030,國道3號,0,N,52K+500,鶯歌系統,三鶯
306,03F2336N,0000300123300M,4,120.70918,23.88203,000030,國道3號,0,N,233K+600,名間,南投服務區
307,01F1292N,0000100112900K,4,120.83893,24.550442,000010,國道1號,0,N,129K+200,苗栗,頭屋
308,01F2827N,0000100128300D,4,120.32219,23.34747,000010,國道1號,0,N,282K+700,新營服務區,嘉義系統
309,01F3398N,0000100134000E,4,120.28499,22.867418,000010,國道1號,0,N,339K+800,高科,路竹
310,01F0061S,0000100000600C,4,121.69364,25.088272,000010,國道1號,0,S,6K+100,大華系統,五堵
311,01F0182S,0000100001800A,4,121.58023,25.068987,000010,國道1號,0,S,18K+200,內湖,圓山
312,01F3398S,0000100034000E,4,120.28499,22.867418,000010,國道1號,0,S,339K+800,路竹,高科
313,03F2336S,0000300023300M,4,120.70918,23.88203,000030,國道3號,0,S,233K+600,南投服務區,名間
314,03F0525S,0000300005200F,4,121.3419,24.936026,000030,國道3號,0,S,52K+500,三鶯,鶯歌系統
315,03F0961N,0000300109600J,4,121.030426,24.758442,000030,國道3號,0,N,96K+100,寶山,竹林
316,01F0029S,0000100000260C,4,121.71786,25.102837,000010,國道1號,0,S,2K+900,八堵,大華系統
317,03F1941N,0000300119400N,4,120.534546,24.120947,000030,國道3號,0,N,194K+100,彰化系統,和美
318,01F0005N,0000100100050C,4,121.731636,25.11831,000010,國道1號,0,N,0K+500,基隆,基隆端
319,01F1292S,0000100012900K,4,120.83893,24.550442,000010,國道1號,0,S,129K+200,頭屋,苗栗
320,01F0017N,0000100100160C,4,121.72591,25.109568,000010,國道1號,0,N,1K+700,八堵,基隆
321,01F0029N,0000100100270C,4,121.71786,25.102837,000010,國道1號,0,N,2K+900,大華系統,八堵
322,01F0061N,0000100100600C,4,121.69364,25.088272,000010,國道1號,0,N,6K+100,五堵,大華系統
323,05F0438N,0000500104400G,4,121.789474,24.711027,000050,國道5號,0,N,43K+800,羅東,宜蘭(壯圍)
324,01F0005S,0000100000040C,4,121.731766,25.118786,000010,國道1號,0,S,0K+500,基隆端,基隆
325,01F0017S,0000100000130C,4,121.72591,25.109568,000010,國道1號,0,S,1K+700,基隆,八堵
326,03F3981S,0000300039800T,4,120.53934,22.7058,000030,國道3號,0,S,398K+100,屏東,長治
327,01F2394S,0000100023900P,4,120.474915,23.702602,000010,國道1號,0,S,239K+400,虎尾,斗南
328,01F3559N,0000100135600E,4,120.33429,22.730904,000010,國道1號,0,N,355K+900,楠梓(鳳楠路),楠梓(旗楠路)
329,01H0305S,00001A0003000F,4,121.46066,25.075554,00001A,國道1號汐止五股高架道路,0,S,30K+500,環北,五股(高架)
330,03F0158S,0000300001550A,4,121.62138,25.036533,000030,國道3號,0,S,15K+800,南港,南港系統
331,03F2129S,0000300021300B,4,120.67593,24.037418,000030,國道3號,0,S,212K+900,霧峰,霧峰系統
332,01F3252N,0000100132500D,4,120.24818,22.991814,000010,國道1號,0,N,325K+200,仁德,大灣
333,01F3252S,0000100032500D,4,120.24818,22.991814,000010,國道1號,0,S,325K+200,大灣,仁德
334,01F2827S,0000100028300D,4,120.32219,23.34747,000010,國道1號,0,S,282K+700,嘉義系統,新營服務區
335,01F2394N,0000100123900P,4,120.474915,23.702602,000010,國道1號,0,N,239K+400,斗南,虎尾
336,03F1332N,0000300113300K,4,120.76442,24.579641,000030,國道3號,0,N,133K+200,西湖服務區,後龍
337,05F0439S,0000500004400G,4,121.78946,24.710684,000050,國道5號,0,S,43K+900,宜蘭(壯圍),羅東
338,03F1332S,0000300013300K,4,120.76442,24.579641,000030,國道3號,0,S,133K+200,後龍,西湖服務區
